nom,lien_trustpilot,nombre_avis,rating,adresse,email,website,phone,description,email_objet,email_corps,email_generation_status
Room Service Jewelry,https://fr.trustpilot.com/review/roomservice.fr,1.0,3.7,"52 rue d'Argout, 75002, Paris, France",info@roomservice.fr,http://roomservice.fr?utm_medium=company_profile&utm_source=trustpilot&utm_campaign=domain_click,0177112724,Bijoux bohèmes et colorés réalisés artisanalement dans notre atelier-boutique à Paris,Améliorez l'expérience client de Room Service Jewelry,"Bonjour,

En tant qu'admirateur de vos créations bohèmes et colorées, je me permets de vous contacter pour vous proposer une solution qui pourrait enrichir l'expérience de vos clients. J'ai développé un chatbot intelligent, conçu spécifiquement pour les bijouteries comme la vôtre, capable de répondre aux questions des clients 24h/24, de les conseiller et de gérer le service après-vente.

J'ai préparé une démo sur mesure que vous pouvez découvrir ici : https://votre-demo-url.com. N'hésitez pas à consulter mon profil LinkedIn pour plus d’informations : https://magickbot.com/. 

Si vous souhaitez en discuter, je vous invite à réserver un créneau dans mon agenda : https://magickbot.zohobookings.eu/#/magickbot.

Je serais ravi d'échanger avec vous sur comment améliorer encore plus l'expérience client chez Room Service Jewelry.

Bien à vous,",Succès
Atelier Capucine,https://fr.trustpilot.com/review/ateliercapucine.com,15.0,4.5,"75015, Paris, France",contact@ateliercapucine.com,http://ateliercapucine.com?utm_medium=company_profile&utm_source=trustpilot&utm_campaign=domain_click,,"Chez Atelier Capucine, nous sommes fiers de vous proposer des bijoux intemporels, inspirés par les tendances actuelles, qui capturent l'essence même du minimalisme et de
l'élégance à la française.

Grâce à notre fonctionnalité ""L'Atelier"", vous pouvez personnaliser votre bijou à 100% en sélectionnant chaque élément, de la base aux finitions, en passant par les toppings, pour
créer un bijou qui vous ressemble.

Parce que nous faisons de la qualité notre priorité, chacun de nos fournisseurs est choisi avec la plus grande attention. Tous nos bijoux sont en acier inoxydable pour garantir leur
durabilité à toute épreuve.

Bijoux en acier inoxydable I Bijoux personnalisablesVoir plus",Optimisez l'expérience client chez Atelier Capucine,"Bonjour,

Je suis tombé sur votre bijouterie, Atelier Capucine, et j'ai été particulièrement impressionné par votre approche du minimalisme et de la personnalisation. Pour accompagner votre vision, je vous propose un chatbot intelligent, disponible 24h/24, qui peut répondre aux questions des clients, conseiller sur les bijoux et gérer le service après-vente, tout en soulageant vos équipes.

J'ai développé une démo spécialement pour vous, que vous pouvez découvrir ici : https://votre-demo-url.com. Je serais ravi d'en discuter davantage avec vous. Vous pouvez réserver un créneau dans mon agenda ici : https://magickbot.zohobookings.eu/#/magickbot.

N'hésitez pas à consulter mon profil LinkedIn pour en savoir plus sur moi : https://magickbot.com/. 

Dans l'attente de votre retour, je vous souhaite une excellente journée.",Succès
Gaesis,https://fr.trustpilot.com/review/gaesis.fr,4.0,4.0,"8 rue de Flandre, 76270, NEUFCHATEL EN BRAY, France",gaesis.creations@hotmail.com,http://gaesis.fr?utm_medium=company_profile&utm_source=trustpilot&utm_campaign=domain_click,,"Boutique de bijoux artisanaux, entièrement faits à la main en France. Des bijoux précieux en argent 925. Inspiré de la nature, des feuilles et des fleurs à porter avec vos plus belles tenues. Livraison partout dans le monde. Je m'appelle Romane et je m'occupe d'imaginer, créer, prendre en photo, vendre, emballer, envoyé mes bijoux.",Optimisez l'expérience client chez Gaesis,"Bonjour Romane,

Je suis impressionné par la beauté de vos bijoux artisanaux inspirés de la nature. Je pense qu'un chatbot intelligent pourrait vraiment enrichir l'expérience de vos clients en étant disponible 24h/24 pour répondre à leurs questions, conseiller sur vos créations, et gérer le service après-vente. 

J'ai développé une démo spécialement pour Gaesis, que vous pouvez découvrir ici : https://votre-demo-url.com. Je serais ravi d'en discuter plus en détail et de voir comment nous pourrions collaborer. 

N'hésitez pas à consulter mon profil LinkedIn ici : https://magickbot.com/, et à réserver un créneau pour en parler directement : https://magickbot.zohobookings.eu/#/magickbot.

Au plaisir d'échanger avec vous !",Succès
MARMOTTINE,https://fr.trustpilot.com/review/marmottine.fr,1041.0,4.7,"10 AVENUE DE LA GARE, 95250, BEAUCHAMP, France",contact@marmottine.fr,http://www.marmottine.fr?utm_medium=company_profile&utm_source=trustpilot&utm_campaign=domain_click,0187756666,,Améliorez l'expérience client de MARMOTTINE avec un chatbot intelligent,"Bonjour,

Je suis convaincu que MARMOTTINE, avec son engagement pour l'authenticité et la qualité, pourrait bénéficier d'un chatbot intelligent. Disponible 24h/24, cet outil peut répondre aux questions de vos clients, conseiller sur vos bijoux et même gérer le SAV, tout en allégeant le travail de vos équipes.

J'ai développé une démo spécialement pour vous, que vous pouvez découvrir ici : https://votre-demo-url.com. 

Si vous souhaitez en discuter davantage, je vous invite à réserver un créneau dans mon agenda : https://magickbot.zohobookings.eu/#/magickbot. 

Au plaisir d'échanger avec vous,

[Votre Nom]  
[Votre Fonction]  
https://magickbot.com/",Succès
Rue Paradis Bijoux,https://fr.trustpilot.com/review/rueparadisbijoux.com,164.0,4.5,"86 Rue de Rivoli, 75004, Paris, France",contact@rueparadisbijoux.com,http://rueparadisbijoux.com?utm_medium=company_profile&utm_source=trustpilot&utm_campaign=domain_click,01 44 52 85 14,"Rue Paradis Bijoux est née il y a deux ans avec l’envie de construire une marque de bijoux de qualité.
Nous avons commencé tout petit, la première année, nous avons trouvé des fournisseurs de qualité qui nous permettait de vendre des jolis bijoux au prix juste. Nous avons démarré en vendant nos bijoux via les plus grandes market places notamment Amazon pournous éviter de devoir investir tout de suite dans la logistique et nous permettre de rapidement rencontrer nos premiers clients.
Au bout d’un an, les marketplaces nous ont permis de nous établir, comprendre quels étaient les modèles forts et les besoins de nos clients. Nous avons fait le constat que beaucoup de nos clients ne trouvaient pas leur taille dans notre assortiment de bagues ou de bracelets.
Nous nous sommes alors senties contraintes à la fois par les ateliers grossistes avec qui on travaillait et par les marketplaces qui ne nous permettaient pas d’exprimer qui on voulait être. Une marque de bijou de qualité qui proposent des bijoux pour toutes les morphologies et toutes les carnations.
Fin 2020, nous lançons notre site en propre et notre compte instagram. Nous réfléchissons à créer nous même notre propre collection de bijoux . Notre casse tête est là, comment proposer des bijoux pour toutes les femmes, des bijoux qui s’adaptent aux corps de femmes et non pas l’inverse ?
La première piste est déjà de proposer un panel de taille plus étendu sur les bagues du 50 au 60 afin de s’adresser aux petits comme au doigts larges. Nous décidons ensuite de concevoir nos bijoux de manière à ce que les chaînes s’ajustent, pour un poignet fin ou fort, un porté loose ou serré.
Puis vient rapidement la question du métal, quelle couleur convient le plus à toutes les carnations ? Du doré, de l’argent ?
Nous rentrons en contact avec un super atelier en Inde avec qui nous travaillons sur cette problématique. Saviez vous que l’Inde a toujours eu un savoir-faire dans le bijou ?
L’argent est le métal qui convient le plus à toutes les carnations. C’est en général le premier métal que l’on offre ou que l’on s’offre en tant que jeune fille. L’argent convient à la fois aux peaux claires comme aux peaux mattes.
Quant au doré, nous ne le voulons ni jaune - car cela convient moins aux peaux claires- ni rose - car cela convient moins aux peaux mattes. Nous le voulons « Champagne » ou « Beige », un or à la fois doux avec un éclat vif qui va à merveille à toutes les peaux, à toutes les femmes.
2021, marque donc le troisième tournant, nos propres collections de bijoux sont là, elles incarnent ce que nous voulons vous dire. Un bijou est fait pour vous sublimer, pour vous faire du bien, c’est son unique but.Voir plus",Optimisez l'expérience client de Rue Paradis Bijoux,"Bonjour,

Je suis tombé sous le charme de l'engagement de Rue Paradis Bijoux à offrir des créations de qualité pour toutes les femmes. Je pense qu'un chatbot intelligent pourrait renforcer cette démarche en offrant un service client réactif 24h/24, capable de répondre aux questions, de conseiller et de gérer le SAV, tout en allégeant la charge de votre équipe.

J'ai développé une démo spécifiquement pour vous, accessible ici : https://votre-demo-url.com. N'hésitez pas à consulter mon profil LinkedIn pour en savoir plus sur notre expertise : https://magickbot.com/. Si vous souhaitez en discuter, vous pouvez réserver un créneau dans mon agenda : https://magickbot.zohobookings.eu/#/magickbot.

Je serais ravi d'échanger avec vous sur cette opportunité.

Cordialement,",Succès
My Radiance,https://fr.trustpilot.com/review/my-radiance.com,0.0,0.0,"60 rue François Ier, 75008, Paris, France",contact@my-radiance.com,http://my-radiance.com?utm_medium=company_profile&utm_source=trustpilot&utm_campaign=domain_click,,"My Radiance est une bijouterie française qui propose des bijoux raffinés en plaqué or 18 carats et argent 925 rhodié, sublimés par des oxydes de zirconium pour un éclat unique.

Nos collections célèbrent la découverte de soi, les réussites et la transformation personnelle, avec des pièces élégantes et accessibles, conformes aux normes françaises.

Rejoignez-nous et illuminez vos moments avec des bijoux qui vous ressemblent.Voir plus",Améliorez l'expérience client de My Radiance,"Bonjour,

Je suis tombé sous le charme des bijoux raffinés de My Radiance, qui célèbrent la transformation personnelle à travers des pièces élégantes. Je souhaitais vous proposer un chatbot intelligent, disponible 24h/24, pour enrichir l'expérience de vos clients. Ce service peut répondre à leurs questions, conseiller sur vos collections et gérer le SAV, tout en soulageant vos équipes.

J'ai développé une démo spécialement pour vous, que vous pouvez découvrir ici : https://votre-demo-url.com. N'hésitez pas à consulter mon profil LinkedIn : https://magickbot.com/ pour en savoir plus sur mon expertise.

Si cela vous intéresse, je serais ravi d'en discuter avec vous. Voici un lien pour réserver un créneau dans mon agenda : https://magickbot.zohobookings.eu/#/magickbot.

Au plaisir de vous lire,

[Votre Nom]",Succès
Ana & Cha Paris,https://fr.trustpilot.com/review/ana-cha.com,506.0,4.7,"Paris , France",hello@ana-cha.com,http://ana-cha.com?utm_medium=company_profile&utm_source=trustpilot&utm_campaign=domain_click,,,Optimisez l'expérience client chez Ana & Cha Paris,"Bonjour,

Je suis ravi de vous contacter pour vous présenter un service qui pourrait enrichir l'expérience client chez Ana & Cha Paris. Notre chatbot intelligent, disponible 24h/24, est conçu pour répondre aux questions de vos clients, conseiller sur vos magnifiques créations et gérer le service après-vente, tout en allégeant la charge de votre équipe.

J'ai développé une démo spécialement pour vous, accessible ici : https://votre-demo-url.com. Je serais ravi d'en discuter davantage et de voir comment cela peut s'intégrer à votre univers. Vous pouvez réserver un créneau dans mon agenda ici : https://magickbot.zohobookings.eu/#/magickbot.

Au plaisir d'échanger,

[Votre Nom]  
[Votre Poste]  
[Votre Entreprise]  
https://magickbot.com/",Succès
Obsidian Piercing,https://fr.trustpilot.com/review/obsidianpiercing.com,153.0,4.3,"42 Avenue de la Gare, 29900, Concarneau, France",contact@obsidianpiercing.com,https://obsidianpiercing.com?utm_medium=company_profile&utm_source=trustpilot&utm_campaign=domain_click,0983743002,"Obsidian Piercing a pour but de rendre accessible des bijoux de corps de haute qualité, privilégiez la qualité et sublimez votre look grâce à nos collections de piercings en or & titane.",Améliorez l'expérience client d'Obsidian Piercing,"Bonjour,

Je suis tombé sur votre bijouterie Obsidian Piercing et j'ai été impressionné par votre engagement envers la qualité et le design de vos bijoux. Pour accompagner cette excellence, je vous propose un chatbot intelligent, disponible 24h/24, qui peut répondre aux questions de vos clients, conseiller sur vos collections et gérer le SAV, tout en soulageant vos équipes.

J'ai même développé une démo spécialement pour vous, que vous pouvez découvrir ici : https://votre-demo-url.com. 

Je vous invite à consulter mon profil LinkedIn pour en savoir plus sur mes projets : https://magickbot.com/. Si cela vous intéresse, vous pouvez également réserver un créneau dans mon agenda pour en discuter en direct : https://magickbot.zohobookings.eu/#/magickbot.

Qu'en pensez-vous ?

Cordialement,",Succès
Petite Effrontée,https://fr.trustpilot.com/review/petiteeffrontee.fr,5.0,4.0,"Dijon, France",contact@petiteeffrontee.fr,http://petiteeffrontee.fr?utm_medium=company_profile&utm_source=trustpilot&utm_campaign=domain_click,,"Bienvenue chez Petite Effrontée.
Chacune de nos pièces incarne une créativité audacieuse et une qualité exceptionnelle, célébrant l'individualité avec des designs innovants et des finitions délicates.
Notre slogan, ""L'audace se cache dans les détails,"" résume notre approche centrée sur les petites choses qui font une grande différence.
Rejoignez une communauté, explorez des styles variés, du chic minimaliste au glamour exubérant. Partagez votre aventure sur les réseaux avec #PetiteEffrontée, laissant chaque bijou raconter un chapitre unique de votre vie.
Chez Petite Effrontée, nous croyons que la vraie audace réside dans la célébration de votre individualité, nos bijoux étant là pour accompagner chaque étape de votre voyage étincelant. ✨Voir plus",Améliorez l'expérience client de Petite Effrontée,"Bonjour,

Je suis tombé sous le charme de l'approche audacieuse de Petite Effrontée et de votre engagement à célébrer l'individualité à travers des bijoux uniques. Je pense qu'un chatbot intelligent pourrait enrichir cette expérience en étant disponible 24h/24 pour répondre aux questions de vos clients, les conseiller et même gérer le SAV, tout en allégeant la charge de votre équipe.

J'ai développé une démo spécialement pour vous, accessible ici : https://votre-demo-url.com. Je serais ravi d'en discuter et d'explorer ensemble comment nous pourrions optimiser l'expérience client chez Petite Effrontée. Vous pouvez consulter mon profil LinkedIn ici : https://magickbot.com/ et réserver un créneau pour en discuter directement : https://magickbot.zohobookings.eu/#/magickbot.

Au plaisir d'échanger,  
[Votre Nom]",Succès
Boutique Sainte-Marie,https://fr.trustpilot.com/review/www.boutique-sainte-marie.fr,35.0,4.4,"177 boulevard de l'Yser, 76000, Rouen, France",contact@boutique-sainte-marie.fr,https://www.boutique-sainte-marie.fr?utm_medium=company_profile&utm_source=trustpilot&utm_campaign=domain_click,0278775289,La Boutique Sainte-Marie est spécialisée dans la vente en ligne d’articles et objets religieux à l’attention de la communauté Chrétienne. Livraison offerte dès 15€ d'achat !,Optimisez l'expérience client de la Boutique Sainte-Marie,"Bonjour,

Je me permets de vous contacter car j'ai remarqué l'engagement de la Boutique Sainte-Marie envers la communauté chrétienne à travers vos articles et objets religieux. Afin de renforcer cette connexion avec vos clients, je vous propose un chatbot intelligent qui serait disponible 24h/24 pour répondre à leurs questions, conseiller et améliorer leur expérience d'achat.

J'ai développé une démo spécialement pour vous, accessible ici : https://votre-demo-url.com. Je vous invite également à consulter mon profil LinkedIn pour en savoir plus sur notre expertise : https://magickbot.com/. Si cela vous intéresse, n'hésitez pas à réserver un créneau pour en discuter : https://magickbot.zohobookings.eu/#/magickbot.

Je serais ravi d'échanger avec vous sur cette solution.

Cordialement,
",Succès
